,data_size,deadline,required_cpu
0,4.459819521826974,1.2768418537200539,0.6910447764682577
1,4.136272085778146,0.6267428844432649,1.4490924797118083
2,3.439086005983772,1.670036862790236,1.8251287549031416
3,2.0230425639749074,1.8781949812894128,1.0783161752954815
4,0.5218124778152209,1.7590745302803001,1.187119257754225
5,1.1224454586618653,1.1618542127394367,0.6504420424082589
6,3.3637877459702246,1.5794207257245225,0.6098489743085016
7,1.1074921779614249,0.6056935910697481,2.0811553885007736
8,1.169172082784903,1.1918617067092598,0.7922142364709881
9,2.665310470896097,0.9368188294697736,1.664246882339667
10,1.263940189861748,1.3400484528874397,1.8363457184594043
11,2.2738337178194774,1.409742777648394,2.6676262291288126
12,1.2836481611150583,1.1201334167469494,2.6113740566853494
13,1.4254822119875583,1.691020617209959,1.7600446045629492
14,1.1269766676791781,1.869047723163782,1.5807452171895484
15,1.1042755405262275,1.0220923187724655,1.3645129046894802
16,1.1298973223636164,1.0280607721577852,1.9807672642386296
17,0.6268153459803443,1.6714067654641083,1.305163264627701
18,4.244548652604134,0.8005575466184394,2.160845093232113
19,2.6560123442071872,1.0544061734224675,2.200179344421096
20,3.2944783197688805,1.1473909970431038,0.615002105418738
21,1.9857584845777823,0.5986672628604721,2.5944191895487547
22,3.1519673665778694,0.9690202675921699,2.3501635909728416
23,3.9926057579425565,1.6069768591152858,1.8802046016277147
24,0.9870999459134334,0.6240032430703715,2.5186073340341877
25,2.7970280221207484,1.0943537368002432,1.4194245883327066
26,4.062510801114896,0.9898020492501778,0.5504690253137006
27,3.2357864913437058,1.3966848969615093,2.9264457714758754
28,1.2101528019353185,0.9101401108717533,0.7093741199985619
29,1.6133344138885781,1.8145272286176088,0.7837894919558082
30,2.2396756027982874,1.9740645535401806,0.9170396186960501
31,3.3318300849873226,1.5574928470496745,2.7478852435790175
32,1.3611727228507757,1.48229568457405,0.959906037742755
33,3.056270155775943,1.9910493017903175,1.7352113400889555
34,3.5133903406504428,1.2732538481553555,2.5887898821796584
35,3.187587376824742,0.6021984463134004,0.5424668769299197
36,4.09147945595069,1.2119832939204593,1.0616440632088997
37,1.0116399388189194,1.8297160422931738,2.7109332030207494
38,2.168867952458899,1.0989125894671974,0.7098156440507676
39,3.081716884171595,0.6853024123761471,0.8598684620343234
40,3.011932983139253,0.8764674816796052,1.3213292201267965
41,2.361301308901126,1.3518449125657896,2.0225349827120205
42,2.4037834059368772,1.7187473916480358,0.9002660304569574
43,0.903446281912734,0.8471528979848632,2.3525276222017544
44,3.4695406826183564,1.783344489864724,1.5061079895087346
45,1.130669973493065,1.3025858273034783,1.5094505483725549
46,0.3047600020154374,1.9948726875977225,2.2063099546316276
47,2.1776935634496115,1.0454747336679069,2.273025121701428
48,3.793594325899717,1.1805720529533565,1.585839664848087
49,4.772985847532614,1.3581571296972739,1.7162612551656162
50,0.5220793088940436,1.0483546642066313,2.8763058181051036
51,0.8926297984983831,0.620505959968671,2.7835777766672245
52,0.8652129965609371,1.9303415304212617,0.6939944630908599
53,4.654840312278852,1.6388758346537993,1.17247493322327
54,3.7542310741154847,0.9699678300586005,2.334552043276414
55,4.3906632978979525,1.5649261797547385,1.7492053288037364
56,3.7010894505764185,0.5697978475554941,2.5974259197183103
57,3.8485903596335422,1.1593973959659662,1.0825709252899156
58,1.252617252244024,1.2936426305397277,2.4712385247489417
59,3.951289004201762,0.9562395899385155,2.3089782036750544
60,0.16577999767391588,1.4986212822153804,0.9258251099199539
61,4.7845773480103935,0.9402219004836271,0.6362958334118101
62,4.418715376916212,1.4296924503903883,0.9648847973384995
63,3.508381320075097,0.7787468366043571,1.704109195905874
64,0.216886526931227,1.9091362221657948,1.0851908266200225
65,2.682067591319452,1.107529271876871,1.4902580859917998
66,1.8131984997130202,1.756725564591106,2.75533608167451
67,2.225467197405438,1.8673513708746587,1.9794518258334575
68,0.9081527034749307,1.2926887147862716,1.770010380362331
69,1.3992703131931534,0.8749538994983442,2.9703106447883334
70,1.961989978834618,0.6089869237511839,0.7298311827640348
71,2.4963631769511863,1.037710041992193,1.2262742838070473
72,1.0988533111155825,1.4766104068006731,1.0835855621050035
73,1.1391227244862199,1.7535888780417719,1.7164005700725211
74,1.4184098683978803,1.552926302452596,1.2648509841187088
75,4.891726483761667,0.6368350823569424,2.089618770218042
76,4.2336872094989095,0.9550057424367193,0.5441897841569552
77,1.3878401176315514,0.5087150231735404,1.7967697004217404
78,0.37608743319515126,1.0115298902854195,1.5773991321298886
79,4.4314972572618325,1.0927719725900915,2.7239900450943257
80,3.2969557755303596,1.2196843000421767,1.166224758873656
81,0.6812208884956125,0.5041409805352506,1.6489251572830312
82,3.458590826115514,0.8415624420856682,2.8124240612516753
83,0.3530262616502956,0.5862720783493172,2.5833962497682195
84,1.3509723977090002,1.3897444841771802,2.460353560275171
85,1.4840433834458246,1.287806598858172,2.5327147979982114
86,4.897493738864519,0.7677230483376754,2.709199286138864
87,3.892092360481348,1.4998929951790494,0.7644221712480266
88,4.7672631183720044,1.092562183225251,1.7357006250549099
89,0.20503099565789723,0.6465681809060062,2.9411233557457495
90,3.701554104036698,0.8145998771908352,1.0726143781148076
91,2.4549993306969418,0.9229255352211279,0.5658916811813712
92,2.215244363317499,1.260536049780072,2.0998477711352646
93,2.225133837248166,1.400119758161416,1.3250407171448866
94,0.4913384600273457,0.8362841584643776,0.7987576436100046
95,1.083949735111227,0.9357740551409679,0.7610074348823024
96,4.408634070586877,1.263890677136565,2.7949454303888404
97,2.790353015574487,0.5257318295407647,2.8523450311906973
98,4.334013465665697,1.1161894402839503,1.77153779835947
99,0.8895043603458807,1.5026619494258688,0.6134445181508594
100,1.337678812247086,1.9545032270767133,0.5895597329627698
101,3.6994678281695617,1.7799442552507363,2.6333129081544406
102,1.6460666217159912,1.3093809576974362,1.472549059671112
103,3.033462454466653,0.8600567545765248,2.483717551527184
104,2.889460077703173,1.1996416227423237,0.7973473420795558
105,1.878912893601746,0.7302175465598133,2.1752263686649433
106,1.8188194271906126,1.7594335620383217,2.8819572523935384
107,4.560481848981106,1.7029980108353167,2.988358167817889
108,3.9561094874864273,0.8932612674657949,1.7080636819630899
109,2.37860926792992,1.9188155321913747,1.9080822500673311
110,2.3601862752715506,1.7741594225219917,1.376188947752413
111,0.8433034840937323,1.1600558567544734,0.5399912434998693
112,3.518489775069676,0.5376785734793403,1.8577077485247009
113,1.7691280414285613,1.8713222660419446,2.242855644172529
114,4.029528490568514,1.9314365962668087,2.0310286482480424
115,2.240255845776674,0.9651796247607509,2.6982590034840834
116,3.4175424655451114,1.6558825343818284,1.0124132212163122
117,4.690502773263525,0.5934411261700036,1.4810618751388023
118,3.4650541191113375,0.5199853041596461,2.4090716380245842
119,2.19395359752735,1.8069267606605466,1.4353766646079065
120,3.4799671335918596,1.8763983728826734,1.071962395651266
121,4.215152673996231,1.3086632967503031,1.4697726852161248
122,0.6069935376483643,0.7020296042868774,1.225668220500538
123,1.5182275057535952,0.6138268616688457,2.4542000970641373
124,1.499345633183566,1.0153609091339502,1.2862529880048719
125,3.6280310017701303,0.7796475883495245,2.1522796929207284
126,2.5194761246651813,0.5299987606570313,0.9242407572688442
127,4.199871059498523,1.9397916162189808,2.5667529507552045
128,1.5784048303074685,1.43999659421568,1.480366273049459
129,0.37673213129783134,1.0209119968077065,0.8494146495855279
130,1.1680824160928232,1.1583209729310144,2.1842289325986735
131,3.789781330629986,1.0043812208671141,1.722965325134358
132,3.105860624928688,1.5755706070032096,1.0822826493107056
133,3.4598298775254546,0.6368231115519916,1.5750250240614567
134,0.41340118488292754,1.8460762515766134,1.0351342623972446
135,4.176853724991392,1.6992298156148071,1.0943656097567525
136,1.8764093826260047,0.5699438061209507,1.2226961657470274
137,3.7250672124364215,0.6587838087726933,0.8771791293462721
138,2.263166637028563,1.9942107662677184,1.6155998645932153
139,3.951278233360874,1.4081181697851268,2.940741675791349
140,4.526213316917702,0.8770040272434267,0.6037797083461354
141,3.2825390535943635,1.9301139717790636,1.7886855228875396
142,3.6941057708271674,1.6341734275189645,1.4486762219614
143,4.558998597450266,1.9286301915294781,0.8511598289974351
144,4.459091557234415,0.6816443716644578,1.5204183321483327
145,2.87524930350757,0.748281277160594,1.0288361760166616
146,0.8868136669403239,1.6720737845367015,2.0285815697726726
147,1.6940314289036886,1.8208763931775316,1.78672615070218
148,3.6025337256491747,0.6755143061979558,0.6408807894073938
149,4.321365183682804,1.7563171846201207,1.7448542497059765
150,3.06362267556762,1.6212467763770637,1.7906917546812142
151,3.3218292703984362,1.2980748652515322,1.177588460303348
152,0.785337446113007,0.6414351951681366,2.1919174221878626
153,0.3834004816661174,1.6931791656439112,2.2274975986667744
154,4.549088379551911,0.99022336014831,0.8376030193603321
155,1.0286709311509366,1.2893852703363697,2.7062003415314404
156,2.3050418462451177,1.3599796455040727,2.7054157770538234
157,3.295308638189034,0.5301642399475908,0.5799956140743846
158,0.31409336765441354,1.3040319260329845,2.172566431614236
159,0.2720977876492936,1.7683336638090594,0.64676019425339
160,0.20768203588708128,0.7043893332421995,2.8638651630879495
161,4.0879537782848905,0.5431381649550724,0.923428239157248
162,4.657637180984245,0.6891116500913055,1.1764002456253229
163,2.583896667803878,1.3561502828781857,2.2891665226848916
164,4.291974915487373,1.9911481951717211,0.9644430012129547
165,1.2537830967134411,0.9835963488593252,2.4251513305098076
166,0.25497971687467724,1.7466995332773496,1.9444694744891287
167,3.39699440207834,1.9801706952505087,0.663892847245522
168,0.6020834158179803,1.2509484186902249,0.6844687846906612
169,4.982425837218356,1.7029812636579282,2.4285187762007654
170,4.776331805081868,1.472898529554806,1.3346759123038139
171,4.3088921178888215,0.8184125891291125,2.1495496244144414
172,1.2678114842877526,0.8559725829893299,1.9112293135217082
173,0.6474194407461382,1.5250442075239112,2.841468936902131
174,3.2732771980468556,0.7945829367864677,2.3607525830320286
175,0.6478796816466351,1.0419143229080148,2.822181647036387
176,3.536594015665018,1.8153971674682237,1.850655609121343
177,1.964311864091123,0.8601364331051794,1.9238177321754852
178,4.091027140196326,1.7928989783459415,1.227096365763762
179,2.23472711927081,1.375223010884346,1.8745168301953892
180,4.0589922516098,1.322521905738887,1.3299733045549715
181,2.9971535637629816,0.7740700815026645,1.6920244610019102
182,2.164871648662176,1.9258532768598404,1.361142263405654
183,0.5515007088103097,1.1794135169536393,2.901302641519824
184,2.696707417184311,0.5575151600004058,2.4804710603184823
185,2.406603422661304,1.9674130671918024,2.0910378222108643
186,1.971348788206675,1.2898465291872265,1.0734827635926323
187,1.3100593098804916,0.7371044667087143,2.5526153972389496
188,1.2004591378245117,1.3080271466742497,1.709432286017588
189,3.683220033852335,1.1734090618720492,1.602023364192851
190,0.4966169930040244,1.1071820468461313,2.397457503476906
191,0.692442132472192,0.6152487766904293,0.7901206301797645
192,2.4244507229649788,1.1028292726623867,2.4399330012494795
193,3.261927610693498,1.9461348833773955,2.7874989029917807
194,0.3139072358784942,0.7972076419887234,1.639251063628199
195,2.001566183896649,1.6275663964146085,2.3729551947948675
196,3.1428381676668296,1.7528582213871835,2.9134502441258263
197,2.4253877524480765,1.52669977793542,2.592780948974889
198,0.37680328384283324,1.151120575923356,2.6728607805715123
199,3.884386652723264,0.7825587265283458,1.22301626944585
200,2.2592810342773615,1.1030536082181812,2.5340230247450903
201,4.053451793181928,1.3140338891189585,1.3731662040444796
202,2.95338727233137,1.4930169549082246,1.9423677641209798
203,3.6824309723430093,1.8722392732535347,2.2534566171702597
204,0.11860039584729111,0.9540413905706866,1.2561853892228865
205,0.14222577707203304,1.4894561306145402,1.9393777796820215
206,3.046991623649746,1.8208419775526412,1.3476843044132294
207,3.934614551923765,0.5833238777793077,1.0423871140948668
208,1.664626728170506,1.7120908155867527,2.3556569359495705
209,1.7112988483601097,1.1721780092352896,0.7649170754868437
210,3.3683982019301073,1.5490261713757763,1.9093539897922422
211,4.811116079046888,0.8011045542528087,1.7493746365135654
212,0.6755318928814753,0.5512591096873052,2.9534031705769173
213,3.7664059771253924,0.7359008300761187,1.7982478473626027
214,3.423105274988181,1.6563883033885232,2.8622671780433784
215,3.470985522155275,1.5237888492493301,1.0676653602660204
216,0.8684930550070461,0.8116279161711188,1.7056831065033757
217,1.4127382324753477,1.2090083890799235,2.7799077088493576
218,4.7130557897400545,1.1555245716099207,1.2637083887611689
219,0.5558699896164248,1.6040128288945097,2.1881519418178166
220,3.062482125357877,1.5740216519769774,2.2795345833282115
221,0.8129183913357927,0.5492913602004208,0.6527979904806476
222,2.785947723753737,1.79572238229726,1.9972548821692022
223,1.8066483055340132,0.7459927829744102,2.2856880669651227
224,3.8104554465970173,1.7821148487665044,1.8148047042942643
225,2.592908740181317,1.7457889622517682,1.2308506000991448
226,0.24774175569372503,0.9559593416638921,2.594994981739513
227,0.20442639231037707,0.7535656808822081,2.043895596035571
228,4.173446871486232,0.979198630140971,2.807395328604222
229,0.3180052911105044,1.1255464395906827,2.367922072590889
230,3.062486994202654,0.849922363297394,1.8811994812589903
231,0.4118253159259144,1.7046630725418819,2.7315033167839897
232,3.364956952901594,1.7818376949193935,1.0426976011849645
233,0.5345157358732328,1.771101090550307,0.745203370517648
234,2.723265728872154,1.5570082588434948,1.3803897274468888
235,2.2873600627618496,1.1890340500936196,1.198581549371259
236,0.6633708858352116,1.9551367813257226,2.4812285637159084
237,4.135706036620889,0.9881052119676587,0.5231640334465075
238,3.6341456599276842,1.4099411559566422,1.9559571606493353
239,2.195005766895299,1.0592312901497298,1.122698625245104
240,1.0269947708420513,0.6188199847799482,1.590366362009094
241,2.155469841059284,1.4698700609722999,1.142501567336817
242,4.3010082617577226,0.8604671143357394,1.9715127965222736
243,3.833451587654105,1.2786652543039194,1.3388343231305773
244,3.546257337348979,0.690589169695252,1.7275481172428506
245,4.217764413813817,0.7809734000500888,2.671157342526576
246,3.878751507925566,1.6351842127697256,2.1313166269977346
247,4.1267422202057205,1.1834514168097445,2.244719028657961
248,1.1425629855965571,0.8695070337626772,0.7425222496061277
249,3.4734748361398085,1.068278777996904,1.5810843499167708
250,3.307739787949109,0.6884193282724913,1.578461506509961
251,2.2307672371324556,1.9644127704967955,1.8711648417745437
252,4.6536182931161765,0.5225820496429634,1.0745490482575886
253,4.891940529180163,0.8650165827925159,2.9016819440347277
254,4.682680218282274,0.9178157136152822,0.6633335308945855
255,4.249181306157219,1.0755360135142005,1.6575343856059337
256,0.9526243863676642,0.6655632421677564,2.5515704656672122
257,1.2538279838583695,1.405186671803662,1.6235978682866632
258,3.2631073889703526,1.7696040672678024,2.279792837496011
259,0.730727408416019,0.7852330856513718,1.9210035841185744
260,4.067269356798796,1.2211537107968067,2.553011589914034
261,0.9779893242654548,1.6565391990757303,1.2534222245416915
262,3.3537677349824295,1.0851464482867748,1.0308228357641698
263,2.293507075599434,1.8312276782007109,1.1400084981882503
264,2.2777692749015817,1.4371889752550766,1.89872246462417
265,4.170892370008332,1.3423546991067101,2.2583727875486264
266,0.3363949936203141,1.0759238615649795,2.9075002161736263
267,1.0861515376466793,1.4585450953553625,2.2562623666844246
268,3.128752272536679,0.9851380397170169,1.820791389307098
269,1.1400180467940293,1.6001210358712217,0.9913731483474643
270,2.9560785523506885,1.735215413935927,2.440001131327925
271,3.052991801671062,1.2752346307201705,0.5935391759981354
272,0.46109197730454066,0.7169179604662497,1.0056970390352225
273,3.5491957880185927,0.7189892565255924,2.8448105485518407
274,4.22273490822589,1.796687825645532,2.8781842307758514
275,1.9219304496588174,1.4872553539265359,1.6035728982926596
276,0.6766508208392747,1.2737084756720343,2.1631166373982165
277,3.8396624388888694,0.6664726765185073,1.1869648154230363
278,0.3265868955825857,0.9650050503458407,0.5449462629266489
279,2.382060944197626,0.7483186183430496,2.530529825836819
280,3.4965583897758536,1.5499290971619122,1.1533061867202719
281,2.82475354500625,0.9879282357549853,1.8711372292335136
282,1.8303502830685472,1.5651833589943867,1.4346743186954984
283,3.414540953025044,1.1900507326582899,1.9988851421924174
284,0.11957116483018766,0.9248986060969098,2.8621448187363994
285,3.095439693768942,0.6768269155950912,2.3549156887806304
286,2.081313976243576,1.8768840280331192,2.501376043726416
287,0.7573791773046016,0.5668037965545291,1.3692564338806243
288,2.293704460634984,0.5889856222834806,1.0823899531696355
289,0.7310384848925977,1.6516398508649708,1.0166685790746879
290,2.999294326680549,1.2169034102929681,2.1508218882245806
291,3.4335201348357383,1.4957209471759285,2.939265594229933
292,3.7896001414105576,0.7556285299334885,1.3731262378503193
293,0.9984094036039622,1.3762936772305285,2.248535908670112
294,4.862737949647025,1.5964626066258383,1.525956301376433
295,0.772170865946265,1.7748385787885559,1.6383035979020228
296,2.4004724668477655,1.5028840025761714,1.9436230685442595
297,4.461203237563596,0.7250222639550937,1.372675087974921
298,3.652335920655742,0.5656319739762115,2.577771113171393
299,4.035070440363638,0.8278932718127867,2.432344547621052
300,4.938300968760591,0.9025363101433057,1.1308714329020124
301,2.39700873310665,1.2542336131667386,1.4663612734173321
302,2.3528359563634704,0.9205238269730875,2.306729140244273
303,2.5178042425948233,1.148168532910531,1.3075725516880559
304,2.261282086263588,0.8987307004842697,2.0397372409192025
305,1.802288440915747,0.9851047744742372,2.519795904641012
306,4.802098692745577,0.9159381799465128,0.5701398019616548
307,0.3941392114058274,0.5965462583304577,2.873773512834093
308,3.690084628048614,0.7908604420959299,2.2985819561465526
309,0.5319771787094091,1.287257072261192,1.6605940882233217
310,3.450285926312071,1.5185361916328481,2.6466695999418532
311,0.38174106466891566,0.588426353617238,1.826795168520898
312,2.8702292713597783,1.4569076365843756,2.424809206744575
313,0.8398491918252796,0.8425649641621983,2.499526213441378
314,4.280798597532433,1.3409275309012418,2.4064680517670656
315,2.0181518184232607,1.719148154539291,0.8462877710213677
316,2.156899402504728,1.2232675227373742,0.9001738694350001
317,2.286272341438221,0.7006676142095701,1.2804574925505636
318,2.816049950123386,1.8344983408747109,0.8716312783586739
319,2.0081818314649937,1.7057301613594467,1.718253275755485
320,2.517459955284973,0.5926456634574954,1.0928685536937839
321,3.968628652889641,0.5805029144899508,2.8516856164937816
322,2.5288418139380378,1.3302141235513874,1.9018312080620297
323,2.0535371012749595,1.1223045720589444,1.7162080547100307
324,2.1944521983849,1.638246790931329,1.5879557285776533
325,3.266461746529673,1.2243379619073431,2.5686003623334663
326,2.767001949866018,1.4458919980215406,2.585966456719227
327,1.187702492393666,1.9794278907839247,0.6850207161258957
328,4.4740038125806905,1.3097814372985135,0.5887695395990579
329,3.866318631375084,0.8432557718533121,1.506845042083331
330,4.547024287761666,1.3972548420700996,2.4941568192256085
331,4.145443242914141,1.5891661438031568,2.521230155715302
332,1.381713120928522,1.5294725017666417,1.0240082675055004
333,2.219440736073142,1.8099027322433043,2.8088758244395926
334,2.788723903117734,1.499154712358169,2.7259479803540954
335,4.952622661439676,1.3002379474631307,1.4338299387623632
336,4.359760155347401,1.463141484415146,0.76399023076765
337,4.195215793013741,0.9824290550750484,2.065637818026576
338,4.53070744347916,1.9399445765641445,2.614004441918777
339,4.805927943203476,1.1319495600069256,0.6780575675687988
340,0.6884643042609636,0.9349722514828354,1.9146170399982232
341,1.1591397135934944,1.4963094784230448,1.2968630636302554
342,2.3732225503564215,1.9351640973210837,2.007390462881437
343,3.07986938073732,1.5070425856676426,2.278731477502188
344,2.6901528517565882,1.9822063677225361,2.0432963155348585
345,3.734228199367543,1.443545003520348,2.654805456471641
346,3.8608171218088345,1.1106703031292324,2.9410075445624684
347,0.7770115574962351,1.6782917013176537,1.2418891239495304
348,4.450464329550297,0.7446264027832352,0.8827306414673961
349,0.4225889999484663,1.2847033714885374,0.6639683763741486
350,3.3002240845550945,1.582828708226032,1.2921383084275564
351,2.978537828032256,1.631922623315757,1.9166831679899692
352,0.564775664625933,0.5232876237418893,2.460891363257848
353,4.051384493446821,0.8913459005358767,2.721627051990123
354,1.2056375525644434,0.7627004836240435,0.7879438982342399
355,2.5167634371749688,0.552179045176666,1.8614429380132742
356,0.3644795639314812,0.8126228121424909,0.6829220311820132
357,4.077317115078012,1.0141482757971734,2.7602233899607365
358,1.8216776110815625,1.0555300040291498,1.3441891439469824
359,3.3096260026209277,0.941937910845322,0.854576854926103
360,0.9688922302908778,1.8489189272872788,2.855962981787275
361,4.520644865947811,1.8061888407113025,2.0517509548854216
362,3.855303759185503,1.5743912267542552,2.11511048533667
363,1.0051221208779215,0.721567593468509,2.823438151252202
364,0.455876149993904,1.1391498524519323,2.698443505920515
365,4.565939309862388,0.5880441983836224,2.1811472808991956
366,3.9135389763299293,1.113723940745526,1.3241427773571721
367,3.573998958587662,0.5757183215997963,1.4904151667512888
368,4.642494939523649,0.6986705849057148,2.4174723822710185
369,0.4442514606143735,1.4505112758601126,1.7721731196678938
370,3.2917010992417475,0.7530428333792023,2.6348635219770595
371,4.885005327750645,1.9707608024090522,0.9471500211840242
372,4.438112949391132,1.9717355982536666,1.8182111589879517
373,0.5065407736674653,1.7931698216742087,1.055645710318447
374,2.7463257909246908,0.7798527250993473,0.8760386914762681
375,3.7028684927624513,0.974613048766596,1.973829478164067
376,4.6454176683772745,1.9249317281479787,1.6383753458602655
377,0.9144658066790847,1.0108993947243154,1.5348180220660037
378,2.0579986726194455,0.9202048588474285,2.3504481036493488
379,0.7906335762085077,1.9864095945534497,0.7670593187844567
380,3.254006648406608,0.8871679923392224,2.7780913208592786
381,1.3178136209342162,1.2388637780519707,1.3858221221658271
382,2.3329629276141204,0.6832859824956465,2.0607615284265197
383,0.9915222268535192,1.7899214509309036,1.1835379832508566
384,0.9135687856826458,1.2035142318743013,2.099135335855463
385,0.431238573196683,1.0643436668088488,2.34726471432748
386,1.393210830945936,1.2022576986147337,1.2292805408939496
387,2.6327353625079324,0.9630638626870565,0.860146884006247
388,4.579217109528082,0.5113943325754653,1.2816130677860524
389,2.1083245154942007,1.2793359614508883,1.5268223834509533
390,1.4925008034766072,0.6734555005208993,1.562241961444618
391,2.5786343892332355,1.2725526058696475,0.7010608482388104
392,4.680827800709198,1.7510712327398346,1.8770336187893553
393,1.6358831383458328,1.2956538885352589,1.4511794240402547
394,4.333684637638589,1.7632960359297636,1.810567553091159
395,3.813339164039001,0.7324924784552833,2.7629305407584095
396,3.1055233812733025,1.0801795575319761,2.1325482236600575
397,1.076899374670131,1.471085993920101,2.2224526755115472
398,4.80933652468562,1.6770201440932986,1.5293974218012825
399,3.255792920541812,1.5702555587623266,2.0318545444579765
400,3.691071468449104,1.2807665055417885,2.7993955715321985
401,3.7710549867893217,0.8171502948864311,0.9302324171069019
402,0.3316370290235305,0.5836781205127668,1.2282769936109323
403,2.9104531338390416,1.250748623498418,2.793376514277331
404,0.7329427439172772,1.3620872692487282,2.0234375245181773
405,4.738360924852715,0.7330583944530362,0.5316406339041655
406,2.3058092983119876,1.7626258311949552,2.906304088070971
407,4.278619256246063,1.1885350849652654,2.2108136517912507
408,4.162203425839438,1.0845222232456437,2.326918110103498
409,0.13854395914085366,0.9161184530125608,1.6785325684990486
410,1.732195104562106,1.8397542888940626,1.9586371608316768
411,1.1759339987303246,1.371225880515297,2.630013929064771
412,4.333138233470807,1.3382728723200867,0.5429718374706147
413,1.2072861825676586,0.7206571340935501,2.9857490687656005
414,4.327779450404695,1.4447342702542838,0.998423396398619
415,0.8376260337260714,1.6316804928202042,0.817799700778906
416,1.0844472795508924,1.5689027054965679,1.7455541954818408
417,1.6431716613130598,0.6949081928977997,0.8071106358017175
418,0.802011718559827,1.1576313129647446,1.9141244641401363
419,2.14925358625831,0.9741468162397589,1.6061659860356834
420,1.3405929403205563,1.3522422234340918,0.7963986284206157
421,0.7581241623404411,1.4258093304472375,1.501312537519212
422,2.402378425020571,0.5693015858739954,2.4046047827901447
423,3.211605902625092,1.5854507698695703,0.5640721833914681
424,1.2994317333564274,0.9954098161933473,2.4595692626629293
425,2.7555161766423923,0.6829020922123985,1.1520735331292977
426,3.9457885138133073,1.4387791979965092,1.4895181972764333
427,3.9375533576764905,1.3053762095627706,1.2627655855956257
428,4.888972745274003,0.8904075938787226,1.566594340469533
429,2.6362983607058306,1.4809619227109636,2.0763566664849815
430,2.0521595494442404,0.6129798846116736,1.7988078787038957
431,4.320555009920852,0.6012106472835828,1.641487526797626
432,3.670873491581487,1.1600853905248654,1.9064283941446079
433,2.9216542265530605,0.766471811441005,1.8053111341981265
434,1.8910537313855023,1.7424833421445451,2.0452225542807665
435,0.1567071969912997,0.5608785402948557,1.1459751707009067
436,1.076976443919498,1.8860858712089752,0.9522966269307724
437,1.3895021258974347,1.0288556626872305,2.44944622383224
438,4.8204687547610545,1.7463859709789213,1.9566948388935854
439,4.466546631213229,1.7577121014828376,1.673252766996282
440,1.203785030440849,0.5606636988581605,0.637936598047243
441,2.794619675669885,1.8393054166171279,2.504940197748018
442,4.124878199391734,0.7165381476746444,1.5630040935082965
443,0.4629651934671416,0.8288743019102456,2.7665023679805287
444,2.151625528333852,1.2062262584954058,1.3558191520491851
445,4.681326381931175,1.610988825910278,0.5516480608322047
446,3.3154895373279984,0.86470533167455,2.5911073894772154
447,3.9468477158921687,1.4742633405493213,0.81356484298037
448,0.889884183492923,1.9242101366574127,0.980433852628033
449,4.933767704677506,1.2747244772750044,2.1936196412245046
450,3.9406545240342385,0.9804052933383577,2.133345075700599
451,0.4942329899983856,1.8031005077057831,0.7417207798724894
452,1.9910343680561753,1.2987681649799492,2.5845945162637998
453,3.7311720105115316,0.9464147218108396,2.4403335266346597
454,4.8486388154514355,1.5111044116170447,0.752720823424837
455,3.7854287424066286,1.831244684338598,1.1518241571689443
456,2.4704899824981257,1.177195279282805,1.8188804715704219
457,3.962669149642487,1.6167298003248995,2.185960786284713
458,4.547495128302929,1.6501470359228594,0.5602209116939898
459,0.21247321325419788,1.6747200557202055,2.213157924605957
460,2.3812218765030413,1.2128861634941068,2.955221013259612
461,2.3032656126050353,0.7872236571030599,2.189525941067878
462,3.8739144962935144,1.4089931378162512,2.2598598276552098
463,2.2699432562986566,1.3211609952286845,1.563756561046659
464,3.2479224961035444,1.9548653739105224,1.0558482652465857
465,0.7918521283327189,1.5654974206628545,1.5504810657247334
466,1.826726232476232,1.2074843185108821,1.7008473797991346
467,3.070212292577642,1.571447792793491,2.5326091553634535
468,0.8863271876033886,0.8610254405803197,2.1662030546036455
469,2.156650274696989,1.994699813847561,0.9289666841324393
470,0.6061601367779281,1.1558563239620647,1.5836544345421197
471,0.679595921107276,1.9621774368305023,0.8565897362487433
472,2.2779404995772166,1.1366596167841685,2.1801651609452013
473,4.711927276516576,0.6931123186700051,2.724521421427518
474,2.0780763803816384,1.3613479120805958,2.879265617977923
475,4.231071718015547,0.6031227636156322,2.133098902078148
476,2.1270358428705514,1.0243506018335387,1.6921354597993672
477,0.7678441752120653,1.4989444460683505,1.2707078637954747
478,4.723691556985404,1.808832436434005,0.9363456244637753
479,4.086440972820176,1.8909205887042349,2.590911161111501
480,4.386665678519051,0.9551089825550392,1.2258170539685231
481,1.1447377003822499,0.8717861767817123,2.9075112502813547
482,2.710504611091388,1.65189588688573,1.3607064576254817
483,2.6978685742562285,1.1077005885065314,0.6949166538784813
484,2.6160340036493213,1.120894414501013,1.7267562613702259
485,1.176333011513003,1.6060159635185558,2.9146969380423635
486,3.193883171857292,1.0826714844075847,2.9476968938499764
487,3.108288946217172,1.3589985533849342,0.7782022007340523
488,4.8096941823782355,1.4553198754095547,2.4462244973472154
489,0.9680612526888915,1.6706317344185875,2.42593784197364
490,3.3607941400973456,1.984208241270978,1.1829492995755493
491,3.0707266756977547,0.8956538837220294,0.8283766074961534
492,4.001169013319666,1.8099245780142206,1.3731158233263714
493,0.9746651822434103,1.8209846009994586,2.9382216495116817
494,1.0115275569271018,1.444051778554046,1.7636402665648987
495,3.13472971966022,1.2900201242488811,2.9606257431645573
496,2.6938172070837636,0.7640971019868095,1.337630864551937
497,0.2722055877666536,1.0662422016820958,2.6479600272081396
498,2.1822421497719073,0.6024252319364061,1.0041883403447869
499,3.3426606860910795,1.8367017564312904,1.3518302407145653
500,1.2289587389650478,1.96859224182191,2.100747939871531
501,3.3326771565622386,1.5886864162345522,2.594782237571634
502,0.9326128112771725,1.509423692340199,2.373446922658763
503,0.16946013967298595,1.3184771189858602,1.5234211753248372
504,0.5800727183511772,1.0498041330112708,1.9574935835260308
505,1.1581239502373395,0.6832305050124521,0.9577665163315786
506,1.456342948312915,1.2047741325416055,2.150674740072694
507,2.981248236682228,0.5910255210475697,2.518615747043283
508,1.9545732444605635,1.9763171185571584,1.1829517125898834
509,2.4322580042080384,1.0041482132151982,1.5917246949401984
510,2.3690972360418625,1.2028222870017065,0.9439653103388377
511,3.736827505387301,1.5783014337920838,2.0735982400974913
512,1.843759040534868,1.123111761006045,2.8186602714553866
513,1.936382345736764,1.8965160085130885,0.9323507732019458
514,3.213021315478417,0.6991271337404805,0.6448190529162172
515,2.9339228495245213,1.9391433077001983,2.6734031141431114
516,2.72723412681807,1.214673793103291,0.8619266831607961
517,2.5734060572714856,1.990931085518489,2.8499893712246385
518,0.41225151216708034,1.773517847676351,2.1868088021351957
519,4.228815772042254,1.6906649759535175,2.6232777400911234
520,0.3303370373570823,0.5354468419592832,2.1193545751185257
521,2.852623769000761,1.9331041256777857,2.224239064808772
522,3.385804150000324,1.9431713794265466,1.4523218824907853
523,0.49553288584586885,0.549952108043359,1.9294038686319357
524,1.705327420011224,0.7770145026208528,1.0321565884862223
525,3.4005540690073484,0.5979096983269977,2.2952207074592197
526,2.019320569601587,1.2772519476736952,2.8562410616081477
527,0.36838072763320306,1.7440689775051188,2.481148819760941
528,3.3491465632329986,1.6349330737047545,0.5827631527947534
529,1.5699758610004884,0.5384181233976899,1.009225901254811
530,2.908681769924347,1.772761239963162,1.1808144890270043
531,4.207027708992353,1.2539993763403898,1.7952819585676691
532,2.679499560731681,1.3301179036331368,2.3339397053178654
533,1.9840137823917683,1.5477792551265024,0.510065736517702
534,1.8781520113925398,1.5633614424714157,2.8003106263302437
535,0.8043352583492138,0.9160209022466221,1.15330941328293
536,0.2861145421411633,0.5889878931303754,1.4332562348920792
537,2.023333038362144,1.0470071601354767,1.4393557853264656
538,0.9261908949893798,0.7466431854835875,1.0311001305384802
539,3.7305233951596435,1.9965180783965801,0.5940099954616171
540,2.7408046301651776,0.6232501228494973,2.246299819892315
541,1.2703517348438136,1.9637097175452276,1.1024168136105028
542,4.837458843280088,1.9800064152546635,1.549441347519712
543,1.3192133456513628,1.3647441260006241,1.920438354265785
544,4.36545343631945,1.5099879774565128,2.077465918393041
545,2.7421159745659422,0.9787599921477486,1.2138228949607461
546,4.47388232254348,0.7766473295015672,1.9412153850353806
547,0.386170765792457,1.6066049718081157,2.4704143426108582
548,0.9510545957087416,1.215343329156657,1.9715589240154505
549,0.9285051320836901,0.9871041407322431,0.568734495891094
550,0.30513388526468455,1.9077231242097,1.8952133024427718
551,4.423053192621516,0.6036652476810402,1.7583348375947478
552,2.277349592679166,1.4125817354982795,0.9660259362933215
553,3.598955876957908,1.6694426885040974,2.070929615617359
554,2.267373054200152,0.5775896693123703,2.5384306858428225
555,4.774833154879171,0.6691224379518292,2.3983653354534376
556,0.2182496139625154,1.591356217861843,2.167017208448942
557,3.4016749181050874,1.6493495157699027,0.9085774439461389
558,1.028352981122708,0.7674426508665381,1.312388606652793
559,3.848233450976703,1.282283720106076,0.8869557120903098
560,1.555326158434493,0.8292810437116631,1.6657349943253226
561,4.921037502037105,1.9966899779849867,2.3828772191672316
562,4.787727418750457,0.6852952149013289,2.530946166765641
563,2.252815222511142,1.218486308463235,2.555002186561085
564,4.0258879993676215,1.799453672796365,0.55805303280522
565,2.2689976876405913,1.2239651045078035,1.1698353393339198
566,4.3323862885252975,0.585718781465541,0.6457389267594957
567,4.09814556275873,1.2206987705238714,0.7463724540333014
568,3.4722852473006465,1.121715492963205,1.6890030518950971
569,3.703196275224962,0.6833383554938683,1.6787010534775697
570,4.958248723882687,1.55189037075252,2.915076857628654
571,0.6755496438863718,1.9237152027313533,1.3959958212391905
572,3.6330411860381586,1.8351297161937545,1.6699392549923993
573,1.7265628760265432,1.0290382086741734,1.3468048874424094
574,3.2663271166746686,1.070670633649444,2.5545381480848466
575,1.429128471785416,0.5092330068540862,1.7659446011687912
576,3.9822495925051107,1.7666665752901514,2.896493915792457
577,2.7950379039297455,1.4522560974490062,2.802743787733384
578,4.017760319021815,1.8750254492081917,0.9079008005909699
579,3.8280930364962944,1.4713864833302113,1.5217200685730108
580,2.9028653961786057,0.9487629358535878,1.2316456013516535
581,2.513886573719633,0.5984158208214341,0.6885820701922025
582,4.364111374042184,0.5732303988069012,1.3415463192097161
583,4.6643071396480655,1.2713741907514549,1.0302130167007904
584,4.738738834775657,0.831999371885548,1.0877309497718421
585,2.2356462189453494,1.3560840825468836,1.3594912860505002
586,4.903144069595587,1.462911119703032,1.8834241288318292
587,2.299985963938407,1.6389637417376504,2.064174118645387
588,0.2881265120869818,1.3943210913670754,1.2379025284578407
589,1.2328706509638268,1.1808749906882654,1.873119489254624
590,1.7777536654683042,1.8224157703555928,2.825672266696124
591,2.783989727363395,0.6561570513770411,2.19742235919502
592,3.7656793321748814,0.840154554243764,2.6762843025537597
593,3.8568537070217244,1.8381273711332777,0.7428219449581779
594,4.590605958383642,1.1359092311039047,1.244145359295503
595,0.6127488097295242,1.0130938123521829,1.5547329755315362
596,2.090221849785891,1.5445450829983063,1.7263404334359866
597,4.4881940147539385,0.8751049647403264,1.9350253644707276
598,3.5641752828731157,0.631731482105084,2.4940167654647634
599,1.0098926313170349,1.962415966822828,2.5996206560762314
600,2.540627844620927,1.4609736003047562,1.8427644876964777
601,4.211231152542286,1.116972193283769,2.8788950173442074
602,4.660522078576535,1.7119181484572359,2.8284127329050923
603,0.23219707663377467,0.6657283514432311,1.127583634263815
604,2.950966276931355,1.2073091973895986,1.0644050659278923
605,0.5439702671426887,1.5762856980033733,2.3136718768805036
606,3.539137026907461,1.0159709328444402,1.1556984686199603
607,2.722414541360535,0.7404439097409656,2.4018546997445256
608,1.5348862294240806,1.0716172889452436,1.4727476151175267
609,0.18447090136908692,1.7083367184660134,1.0616634199012203
610,3.661902795260701,0.5782832516245484,2.797631367906006
611,3.7867521550117074,0.7650773510258462,1.9688344645159868
612,3.1021259823959064,1.477770278704005,2.54726148303375
613,3.6817333705587973,0.6494622810244336,2.6447716454638726
614,3.005599200627182,1.4494127136930548,2.4346402373844978
615,1.7854159053678476,1.974986850988338,1.0358809239371247
616,0.37310480973228877,1.068463911533089,2.632948342845918
617,1.137886740548933,1.8645852622925823,1.096954066366568
618,3.2549977883358707,0.7868856452543307,2.6687667966616417
619,4.401210974643174,1.2477591363127085,1.6620562229639686
620,0.3249065938892955,1.7292373911902015,1.07469381226274
621,2.9474971521874775,0.7322396255183287,2.1190252428497334
622,0.1944234365310128,0.9575676701029534,2.581965861143456
623,1.0259730382996108,1.8122584009156992,1.4899978036047568
624,0.3981974555280423,1.1590265476906634,2.117362718993399
625,3.2093965619141347,1.4869249588896913,2.8417567865063846
626,3.328919580115271,1.7870414306133924,2.7555914520494373
627,4.898714294888421,1.6240739572640233,1.9938742102239952
628,3.441553934539973,1.992133357168063,1.130882278560658
629,4.673110122477976,1.1209113639197141,0.6672801576357483
630,0.430193318754593,0.5954299299836088,2.104707689284166
631,4.7834084771531895,1.2195619247561005,2.109633943460434
632,2.7439070847129976,0.8731701850195001,2.8719698215284986
633,1.4845945247675332,1.3773770793907683,2.7375743535674446
634,4.17071537930447,1.0308977783850293,2.6551396017848354
635,4.23243801552027,1.69328155835743,0.8627169798712058
636,1.860806361808047,1.6869834045096057,1.4014347334668442
637,0.19516457156760403,0.6997683566389502,1.1837420507758956
638,3.5116909594672965,0.8046804114609993,1.8521287466838083
639,4.115404126858009,0.5997997055788242,0.7644723477590385
640,4.035495301241095,1.5446902978185395,2.822341096294156
641,0.779058979376637,1.7329344605223365,0.8270292092199887
642,1.6467452421807705,1.2072638018142645,1.0159537432787031
643,2.882421428716803,0.736768974519808,1.4035318524492866
644,4.903855097454226,1.2715483488978658,1.7299267660048887
645,3.8595683260889997,1.2936561113640928,1.867419989050414
646,0.9267772239936853,0.7800287186546271,2.5924854340544567
647,3.807151019183796,1.0194079855332403,1.3795670113353862
648,3.3819377335909593,1.7218246364648166,2.897685769537838
649,1.7675367027250397,0.7168186667493768,2.8987305390886133
650,1.0653441213163162,1.8298410536127314,0.5080852407125254
651,3.690721306479319,0.6631596389883996,1.4860691334901417
652,0.15774240166525297,1.6636308948130907,2.3600668324417224
653,3.2589175147453497,0.5359972221935709,0.6867937737428094
654,4.911698642394241,1.8117924202256044,1.5182198530650508
655,1.0503844444693498,1.1795535593547433,0.6308993981139752
656,2.856043942429421,1.656906547018016,2.7334154573521823
657,1.9349273543527428,1.9197863973797535,0.8668610706741748
658,2.50657680487283,1.6204875345261902,2.8479295823867288
659,4.534754145138398,1.8438854070801072,2.5662472953378432
660,4.427290877608867,1.4002939939019539,2.0044592991704326
661,4.632533426630122,1.9678388803053892,1.5192167607219884
662,0.5394149029541059,1.7011783590198934,2.176178340413517
663,1.6443919194032455,1.742052922017082,0.8967001274435087
664,1.3877777512634217,1.5879787010888795,1.1274113697012342
665,3.1310270797186273,1.2040158161893715,2.140743223701648
666,3.4427551602303965,1.6395644809046879,1.7484313567041883
667,2.9666863937027794,1.781567463983696,2.013756245723421
668,1.7326326897590123,1.787043863422726,2.689017049959183
669,3.683726004982297,1.1703914142439438,2.0866025846718803
670,4.488854745323224,0.8511824708381989,0.6090889270283574
671,4.651451145133664,0.665214350124987,2.893793108799928
672,4.318727761978281,1.692108838404222,2.3817409455410434
673,4.394427363277889,1.9364257133486755,1.659298596997469
674,1.0490147685554871,1.3127662695485138,1.7969081555478577
675,2.12374223815274,1.7727327014217247,2.5433989080989763
676,3.726573752036805,1.276841103011542,2.8581167625309147
677,4.177185345540451,0.9490292713689024,1.6071076492932894
678,0.6803277237491767,1.9263763397749942,0.7185067431531276
679,3.6300413094675417,0.802741486448419,2.070864341083762
680,3.3040047232152414,1.838769560634589,0.6698278667360233
681,1.2901051633819143,0.8298473565413583,0.779649205865502
682,3.0378081804539248,1.3328139594787327,0.7558375311674808
683,3.4031980441574476,1.0664606179431155,1.431574489139602
684,3.1920464970592253,0.5396746087461042,0.5869934385029048
685,3.503928280257008,1.095473688407046,1.7890229556390966
686,1.6396616590161939,1.3788133013236075,1.9492409944267273
687,1.6943331334039522,1.9238297404447624,1.28271216582964
688,2.0826999288037484,1.6112004150866859,1.5847307201818879
689,4.443390748275693,1.8875131494074346,2.804654258645174
690,1.4503390305835733,0.894151609816378,2.3287045345362154
691,1.4940098637404402,1.6121782779279588,2.170508945812684
692,1.1827612397720284,0.6077872249804259,1.9219439454796996
693,4.513763486624398,0.9311640617734616,2.587493057569646
694,0.6308664703288852,0.965186109109667,1.9567759531541307
695,0.728513676036694,1.9260066360350947,2.52764881534881
696,0.9234686981402435,1.4472023465799178,2.844089622803735
697,3.710013479250763,1.9475909658952044,1.9184835105052473
698,4.720472034932643,1.5241052296769086,2.6303202696254315
699,4.267631261355074,1.2239516184735422,2.0187465111865586
700,3.703790238882958,0.5182947865198061,2.890428461626816
701,4.344537454871389,1.6248124047158061,2.7865789790005273
702,0.8092458426079228,1.7553737084601202,2.3481065849205307
703,1.4405346750761447,1.8542024047413337,0.807102100246846
704,4.101077266756727,0.5810611589044289,2.6047122188838907
705,1.6532912085087546,1.4024755923417218,1.137435166481153
706,3.1628843407339673,0.9566048188327534,1.8574903976854338
707,1.1026763987568393,0.7262648458827206,2.1623749061834876
708,2.308059126745894,0.6858671424365608,0.7387650510866884
709,2.615645719302659,1.220425393946896,1.637886541834228
710,0.24077581351329272,0.8625082643663047,2.955074617901908
711,0.5756398129619065,1.1069376026134035,1.371949962233456
712,4.8041871504718605,1.6600569252700232,0.5568234814065566
713,2.566430737986404,1.760513317372341,1.1927454925475667
714,4.982686288013058,1.1306993881891947,2.798500822188402
715,1.8753087995885869,1.5883010465701473,1.915924512613024
716,1.7838396876605702,1.3309458776421426,1.9264482197199337
717,4.606540289367277,1.3834102960273378,0.6627313173547182
718,2.543959238881671,0.9509517079916371,1.2489541268764572
719,4.69745839408658,1.4445564628527838,2.7013532084591745
720,1.8869789641664187,0.8444449697110561,2.9643045991153336
721,2.586841521862583,0.9386584991867721,1.4644899893746384
722,1.3638211090140884,1.3660533994748112,1.471005698201926
723,3.3069483306281646,1.0952727089236425,1.3191330848544498
724,2.516678847209995,0.8789658296131404,2.2437288721682265
725,4.753134269142882,0.7978500515340874,2.7397612845337105
726,1.2464303472541978,1.4835277869098829,1.835989611292538
727,4.9711411872144025,0.7581917101171167,2.6125550513222215
728,4.682594022409926,1.955961920554502,0.8391296037483507
729,1.9455047123666789,1.8495823862426968,1.2694191109803759
730,0.9470571666577456,1.230529003325509,2.170935767761139
731,4.621555397761328,1.057904988631238,2.3737271636414263
732,3.7377667792490983,1.5237176611438847,1.2117083165940996
733,2.9863548799233057,1.5539389030564181,2.72159400118171
734,4.072134636302602,1.5998363255902366,2.5403013786608524
735,0.1589058417557169,0.82246904761638,2.7993299465931654
736,1.5968686811373125,1.8897152651474238,0.6399633494919716
737,1.9078720415044326,1.6382499504464767,2.9289428049714408
738,2.6105381339284124,0.851026236193915,0.8659854639206983
739,3.1250305256122286,1.70157411434916,1.717928629463675
740,0.44201816933069393,0.5648642268000739,2.468489596419962
741,0.20422075943461565,1.7913978952553347,0.9147439943517104
742,2.9732980233211665,1.6903344107554157,1.740552837997011
743,0.11776099857353108,0.7359871342370812,2.864472215115713
744,0.15709336613826647,1.1981749034822073,2.253953603115974
745,2.4567016589615873,0.9380068109856379,2.041550948373216
746,2.816318533326415,0.6144486503150206,0.7958981408358113
747,1.602976796414415,1.5024756948854912,2.943919879320912
748,3.963416355734353,0.7753623546471129,1.7209033930901556
749,2.067416513228454,1.1310449627747603,2.8377005173411254
750,0.7460744483736718,0.5090506189734909,1.2390838167939013
751,3.4077116725463164,1.7062775418026646,1.3340282969460768
752,2.9847514786070177,0.7501120712799574,1.0684930197839146
753,4.63473048138902,1.6046842601784983,0.9543019528907477
754,0.8921596177683534,0.6256307128964589,2.1827254141492674
755,2.3293947229399663,0.9096818736278407,2.19704058981011
756,2.551026089385989,1.5528474005901889,2.0323512915978155
757,4.339658413822558,1.5465903680315947,2.6540473093273125
758,0.6219854874675346,1.5688136563430475,0.9643181759274364
759,0.21260160425581498,0.972284069112136,1.7788927036345523
760,1.0209219192565493,1.7037227471349525,1.6681359322198905
761,1.9299931284733307,1.4264880604766907,1.8902049160684387
762,4.561656773622176,0.9413216275788094,1.2743507576811306
763,0.8834188843139082,1.299099192674797,2.9036414523688165
764,2.5019754498807485,0.6716760361209356,2.454719559988477
765,4.07165834220318,0.9829389024735764,2.3580526085213496
766,2.873938179789862,0.6915245741405858,2.480782736604469
767,4.878598401744444,1.3281484549216451,1.3364168795466895
768,1.2088183726877262,1.7451538447362385,0.613425334308044
769,3.0671588908925465,1.5401259822250368,1.0410335274632847
770,0.3487878877165934,1.7642981778364009,2.0065295052412098
771,1.2083821901172074,1.0949822025295683,2.3838977938477264
772,1.3481047967397028,0.7644338923547176,1.5783359235057535
773,4.4331952605417735,1.2194835807769298,2.2176975922656545
774,2.391331125247593,1.4810237463530416,1.692807267586026
775,0.34741494730633277,0.9087893609717743,2.1965738963981756
776,1.181783004631584,1.0507034972277578,2.2565307500322813
777,3.1224742937124987,1.4894451137574376,1.7985978258557136
778,3.0054299271777567,1.025347491334292,0.5622583617363657
779,1.1403695505661984,1.8922833152550003,1.2667123178388056
780,0.7675197051295013,1.1116463529523595,0.702457315017661
781,0.525013040752699,1.1230395215314612,0.6535639567997571
782,3.6002119324883552,1.961116706457294,1.6426534344031092
783,2.9329374172279863,1.5592108891137855,2.8196126610821928
784,3.425128766567969,1.7736392505985028,1.7836685952019016
785,3.3108236205570734,0.6115603111391597,2.1741653531123935
786,1.9947387608243519,0.5583750203797916,2.2262176885549616
787,2.136950817678981,0.7826201121135679,1.553391613331876
788,2.5341180209407788,0.8509559180203246,1.5322253680502196
789,1.4072952603789386,1.7991398053071086,0.7791410592306337
790,0.21558952615733737,0.7158666550656815,1.8666816071488765
791,4.922360731833416,1.968704247884938,1.6338096087962437
792,3.3647848881506404,1.3889060924475891,0.5494470833556635
793,4.0145664529414615,0.9335815905709415,0.8599739831076232
794,0.42632392234852445,0.5180521452659197,0.5121075441497052
795,4.468031915610154,0.8792181337528728,0.7641351938078016
796,2.5883560655968703,0.9502284624029853,2.621966910580977
797,4.75567179768562,1.6926795718428909,2.5788169522397477
798,2.557461402235715,1.2739897079479288,1.9390641410604492
799,3.6796230040369498,1.6234554600928204,1.1766673155850078
800,4.127216746798758,1.02712362947635,0.6466606787089
801,0.37441032406246966,0.7024918919785714,2.879443984094074
802,2.926593824093125,0.729977820693742,0.5995960733030596
803,0.5028325677935944,1.6883135992256302,0.8436036941380177
804,3.04617644818468,1.6861037530203462,2.2957709082699687
805,2.246713913644095,0.8336785512290021,1.4700305567513028
806,4.040102958148683,0.7593909820257578,0.7531422769103551
807,0.4637504507714234,1.0735937596594982,2.2994644807073437
808,1.9166940619458062,1.4512819653639144,1.231612458589386
809,4.039479895024123,0.5316847749055456,1.018428949245142
810,1.9310724382157312,0.944880758746794,2.3790570048870756
811,2.938266715269518,1.7499456009529357,1.6294357330343106
812,0.8362041688856005,0.8324321246602133,2.180406697764929
813,2.8571017414891733,1.1886371858396643,2.8443839270126854
814,4.770176353723716,1.4224881616413287,2.248224212735209
815,4.4493140104663125,1.1856443252314741,0.6051479117320098
816,1.639075222794384,1.1674718114728355,2.284556828618947
817,2.217063875035085,1.232269897372234,2.4409846942234212
818,1.912010653423009,1.1424370693147115,2.636402017058056
819,2.1387881014026604,0.7334222351531761,1.0799905871389475
820,2.0205852120401153,1.2712973957283031,0.7461822822338072
821,0.2643233340212632,0.9167813774944629,2.854122753907976
822,4.511757094740729,0.9052693636203238,0.9310960999384685
823,4.43574924065926,1.2556582417830282,2.7305302859566387
824,1.5376545917881075,1.333212705280555,1.0064522606847333
825,0.15970212180769247,0.9742285487141669,2.978564292217967
826,2.9645210410056047,1.5435442228213412,2.4533211106190502
827,2.331718939243161,0.6963835565055612,0.9367492304326683
828,0.9100348116487718,1.4492850063776583,0.7944941132137141
829,4.8415302584162925,1.1896932444455657,1.1239178984207239
830,2.929093224511306,0.7238656154931709,2.3882869137432254
831,3.096058731101373,1.2005463805450458,1.8389911756154935
832,4.682403939261595,1.0158514490627661,1.0867897738983852
833,0.4827743528554035,1.4756329653784732,1.7992696462328832
834,0.5946268449437321,1.3740895498184578,1.3664414915080485
835,1.3831381448571205,0.6261641029610154,2.2060897052309096
836,4.672827952393928,1.7912974753478859,2.6819847570635114
837,1.8715548007656513,1.0801742139909365,2.0834944279741237
838,0.6837080001803338,0.6096966035597216,2.154074500658722
839,3.993530321412952,0.7570021564300311,0.9977422416797256
840,4.996395441571438,1.318778569442388,0.8972948666191887
841,2.38169844757138,0.5355984894837995,2.5207929665057245
842,0.5058184893913121,1.2021018525328857,2.0678998523633862
843,2.854463824428698,1.990069306114562,2.2887462419966447
844,4.485864513149541,0.8466281135389077,2.669497564860167
845,0.2046355008033343,1.4135103904409507,1.835366341900766
846,3.2934226281984746,1.1440211192600613,1.272510358451178
847,3.3472072520009037,0.9482048801665695,1.6319040789639399
848,2.135294371154373,1.3657353147369782,2.0676289034481323
849,4.611942331342702,1.969772440385258,1.4984795469703363
850,3.028052116849534,1.7174259570954038,1.7339263707422483
851,1.455178415545127,0.9360528533071871,2.542725519994599
852,1.3114024348586806,0.7983120288427918,2.1374368025202957
853,1.0195898040569324,0.5330854062397739,1.2231141090348758
854,3.9558226814529043,1.7857987335596865,2.6919044918204875
855,3.3059527458760054,0.6592497529302618,2.7048872069119585
856,2.724754830623539,0.7966731471861934,1.464642049968326
857,3.9634406984994093,1.3093955039950114,1.7002268337117683
858,0.23604129849369873,1.1615302819449955,1.9894482871618366
859,1.8047038064909335,1.186002242753485,2.4130036924114955
860,3.792510003123814,0.9742709868926629,1.6661911102101317
861,2.703294719176438,1.6850153928187757,2.360852261962549
862,0.3013867223313562,0.5588659061894512,2.9402094179904075
863,0.9286876633239078,0.8381419381405477,2.1335442291985993
864,1.9981931722740345,1.0730690121242519,2.2096778193188795
865,2.9157471568163067,1.2122946610679997,2.126235671071666
866,3.1846283517239513,0.5473641392405308,0.6979940295811609
867,1.7449596817033424,0.6655723200535305,0.71895068539659
868,2.980505217535384,0.6252132455518206,1.0098420331846445
869,4.346499591910349,1.5214272235258748,0.8763026686585045
870,3.312978229727131,0.8301073325567757,2.141342241865419
871,1.5676685832411108,1.1794374771839473,1.4298675668709209
872,1.2224867182550134,1.173832118490273,0.5902176229132488
873,0.8073685091453403,1.5577284242224256,1.2350151067666102
874,0.5494055318769936,1.6626165405715712,1.6120927726914942
875,4.859285164350107,0.5626875731967997,2.0271428795392543
876,3.941303519142762,1.0704847295980926,0.8747115286620886
877,1.6122279880191954,1.151281309785595,0.9504414303653592
878,2.906720169639298,0.5713759801517337,0.6917802646001479
879,0.9478434549718336,0.6178860304258933,0.9194392749697079
880,4.475602208575473,1.2781937805702754,1.0691525261473331
881,0.8420096666003629,1.0252743770138688,1.5638846028223758
882,1.2829239758772344,0.93500601559911,2.833150507945186
883,2.6172649844791698,1.7706765248766692,1.4110089446129643
884,2.6714301415779382,1.3578378229126227,2.0150263969447253
885,0.42532546085673706,1.1470348127457635,2.4974813391223467
886,1.3425542773676946,1.506242885411773,2.9117809958151555
887,2.009589082077996,1.3065106180753623,1.8661672168523173
888,2.7851704382064932,1.631440128873231,1.3889773180858986
889,4.866915527543004,1.5985721700586546,2.7024065194078797
890,3.840960275962616,1.5209412404235954,2.136500967841413
891,1.7438742872080284,1.9251842779103352,2.3103750287542733
892,0.3112406301570053,0.6085640128408937,2.561091189925654
893,4.121277194241011,1.3771441172484908,2.441328021352655
894,2.5526356471500096,1.0954877997125159,1.0872746900022205
895,4.674431178811488,1.6123266652163986,2.123330348805987
896,1.1281483110514818,0.8844275014936007,2.0994416323786673
897,4.064301697811919,0.8198157278857716,2.3686669212738725
898,1.458880050377473,1.929415252953097,1.148356255913106
899,3.020015284495556,1.3962036155525561,1.520192824895778
900,0.3929161829174692,1.6508914424575976,2.628169827746334
901,1.1377735308140375,0.8651901335482401,2.8795404596095686
902,3.217056450929062,1.4665183846408927,2.583507314469447
903,3.34537613331536,1.9778137073201323,1.319062804594869
904,0.24938876402176147,1.4671834772844892,2.076718153059028
905,4.279344869707944,1.2283038666828947,2.8017126543147235
906,4.025156750198724,0.6969020322825745,0.9707526160933393
907,3.9509443015640007,1.0159344726482176,2.189943534590424
908,0.4339402228515309,1.1528681691817404,0.9430747970483317
909,0.9093231706706436,0.8302853465045679,2.13622705655195
910,2.941582906613302,1.7535348016969179,2.97001745902426
911,4.324016007079799,1.6654086133462673,1.6197720731739715
912,0.5360599205981805,1.612992850135279,1.1962424698369087
913,4.1594892394363905,1.8731766980037217,2.114645815292703
914,1.6734759909262933,1.1313882809158962,1.4738797695991586
915,2.811310465021682,1.1121855125355427,2.9706252850515393
916,4.752513741491243,1.309570687941254,2.615730914653444
917,1.7028230180705048,1.7579814221585137,1.9530037624734256
918,1.5284754180523055,0.925694341264117,1.40072418298436
919,0.9997828824986827,1.0791486127237444,2.254936678358031
920,0.8548015018446339,1.4424709611824458,2.9188066266380486
921,1.9731613172480096,1.6125490685033885,1.122227217692447
922,2.4978025653601508,0.5554045101490721,2.3534317974559134
923,3.6523543931941487,0.8020726338862361,0.6498848622761673
924,2.2718333069716947,0.7495435317222263,2.7189830534323467
925,3.9177720754636463,1.6554041018516648,2.528479032330473
926,4.175763347890541,0.8749336876674236,0.9029821072210891
927,0.5823393577128486,0.8312123736925734,2.831490992743688
928,1.1721313049643374,1.0343091496904706,2.3507733483825746
929,0.2676111367125047,0.7954821948814859,1.281347813234676
930,4.671624534635267,1.7296590112388475,1.2083279832215879
931,4.306449563278739,0.9306861539909328,1.5092735996996631
932,1.5425317342494858,1.6750957773159154,1.8603884265258235
933,2.3699484380798683,1.231366216582481,1.8178895185360762
934,3.514647795814905,1.6290401771630338,0.9650600919647274
935,1.5006111986244464,1.5220874722792894,1.6306356355955895
936,0.17794650509355298,1.2076206679214998,1.7561697794049398
937,1.1350127163973243,1.6761309048765698,2.9271159377016263
938,4.3710727566169805,1.0341263288936646,0.5012709979590699
939,1.5715090632181896,1.769714158653224,2.3273824121066156
940,4.120084340188489,1.2442347709798198,1.8793397159604313
941,4.00221319717452,0.6167499431333677,1.5489911718713196
942,2.236063030861305,1.0692002921123733,1.9367960530591664
943,3.642885693298729,1.2772873414204877,2.1523681651593094
944,1.6770522745749858,1.4974115779491064,0.87919014204039
945,2.0221132320437043,0.5300756049571016,2.0652391018669194
946,4.53458108492702,0.6137381674706748,2.9443514661852057
947,1.7426858643819976,1.3284514872670163,1.7851852041336884
948,3.2316020255642193,1.1206620713438158,0.517360388694089
949,2.0388582976146226,1.8947441035629842,2.4590909328291897
950,0.7592417124384127,1.9276151602995881,2.8043301900007105
951,0.34143980295164916,1.7947512296433903,0.9355106393604008
952,3.4070777834508235,1.9307746403292547,2.701443306568685
953,2.3685840298727445,1.7581016012191537,2.364542141515491
954,4.710997828610448,1.6897614395167135,2.792214399894561
955,3.607270950564442,0.9331839893323852,1.5024640675677856
956,4.831495668033073,1.1139907782434812,1.6586273159768283
957,3.906587899511277,1.8013327562005639,1.9448912262332592
958,4.07036202601105,0.6668556507959154,1.7470111748932053
959,2.483177223310536,1.505086663024228,1.1036004156781425
960,2.2564028417676774,1.488978630265347,0.7902695256062147
961,0.40577635940867385,0.5313606064933035,2.5756729327717247
962,2.861102112590962,1.0325379321153105,0.9268970510699022
963,1.5208978112414537,1.9413914179058402,1.6113092942272387
964,2.0158265882566155,0.6373997055601207,2.843532791167034
965,2.9160357113960624,1.019896004491007,2.647625806259102
966,1.8563953637765611,1.4217017529231157,1.393651734811218
967,1.7554289395197054,1.7326534161600304,1.8139202231538216
968,1.204230970724845,1.9151152648106236,2.3280037724562126
969,0.6632944745122731,0.8732325677359805,1.327966962511779
970,4.6397183627521885,0.8843946270947273,2.859099542313373
971,4.215436364171999,0.6413992770522767,1.498542090520239
972,3.2643830254185877,0.5992849839058566,2.843447239829741
973,4.9640161912799465,1.3116333615377647,1.0027308132607868
974,0.8663839187043338,1.470014377705668,1.4182761719642878
975,2.7068665090810526,1.8108389908604905,1.9290509394385464
976,1.2936690712038692,0.8267524167307199,2.1502596129111033
977,3.896091918418812,0.874503285600221,1.4800120114896396
978,2.9663189481200116,0.7880719152967213,1.1702453277932827
979,0.3039936583899805,1.0911323728277307,2.152588668662328
980,0.6920938382786862,1.8609539753338256,2.6900271501482376
981,3.6602640024506448,1.0873495261200385,0.9664095064002436
982,4.53832202915655,1.6546077492384423,2.235094941659394
983,2.661938733318769,1.3936816546578037,0.6991783639288819
984,3.9706004986507395,1.3286366796808402,1.4308591411013816
985,1.4038793151255229,1.9783366118947423,1.9773458927601286
986,1.9656296185132043,1.8781849498619294,1.8523910152615568
987,3.2771406883919783,1.3355682590072278,1.280832500606088
988,0.12063187612365281,1.7644586108924734,2.2054903183064485
989,1.4041057179966587,0.7057053274399582,2.4744059435069143
990,4.0816554161629535,1.9479517234529609,0.9566381973644364
991,3.564029469548959,1.218304670785776,1.0379449607272033
992,4.807355757787432,1.2333875491171673,0.6518270221701962
993,0.24289363871938743,1.740518587716682,0.9762534472096353
994,2.4108941825876493,0.6846854848964288,2.836662533609471
995,3.878705718533624,0.7047961455982936,1.809118476311095
996,2.8696345939203787,0.5200671313431728,1.7088157994059499
997,0.17748651889411748,0.9680240994074973,0.5660638283826986
998,0.9418761500314438,1.4648476635754524,2.2187864939316917
999,4.22245112985951,1.797753702097608,2.12529857036537
